{
    "rmse": 0.793018601569922,
    "mae": 0.636363785498249,
    "r2": 0.08960442628075027
}