{
    "rmse": 0.8252973203399641,
    "mae": 0.6608362107392941,
    "r2": 0.08575078260359026
}